{
  "activity": {
    "Active": 812,
    "Inactive": 391
  },
  "targets": {
    "P00519": 74,
    "Q07817": 73,
    "O60885": 73,
    "P10275": 63,
    "P00533": 54,
    "Q06187": 53,
    "P03372": 45,
    "P04035": 39,
    "Q00534": 38,
    "Q96SW2": 35
  },
  "e3_ligases": {
    "Cereblon": 691,
    "VHL": 444,
    "Iap": 42,
    "Mdm2": 15,
    "cIAP1": 7,
    "Ubr1": 2,
    "RNF4": 1,
    "RNF114": 1
  },
  "mw": {
    "mean": 1001.2483990024934,
    "std": 189.2611368483199
  }
}